0.7912080,0.1407170,2.1336950,0.2113060,-0.4098570,-0.0075170,-0.8372220,-0.4151870,-1.0195970,0.3365930,0.1614790,-1.3332980,-0.8989770,-1.0634690,-1.1586210,-3.2743390,-0.8896040,0.5846630,0.2002400,-0.9647080,-0.8187660,1.3438040,1.8435530,1.8343340,2.9182280,0.9543000,0.2760950,0.1019260,0.4001290,0.1891820
0.8008170,0.0812580,0.0603690,0.8677560,-0.8389400,-0.5353350,0.2725530,-1.4059440,-1.5685160,-1.8078780,2.1496360,1.5061600,0.7140760,-0.4289600,0.7296620,1.2906830,0.8685430,-0.1127800,1.3534570,2.3713120,1.6795160,-0.3812650,-0.7527010,-0.7182610,0.1905750,0.0454110,-0.9473360,-0.9925710,-0.3095420,-0.1295490
-2.5708640,1.4620440,1.3001140,2.5763490,1.9744620,2.7308580,-0.2797000,1.4095960,1.2655060,1.4559720,0.6735930,1.9429670,-0.6813600,-1.6412810,-0.8459100,2.3129200,1.9319540,2.5813080,3.9454250,1.9385630,2.8506930,-0.7963520,-2.6888880,-2.7830290,-3.1007890,-1.7074710,1.3473410,0.1748500,0.4113800,0.2904810
2.0526940,0.7236560,-1.1350720,-0.2949820,1.9271040,2.0672950,1.5816980,0.7701980,0.7464840,0.7705280,0.6856200,1.7644450,2.3751650,1.4867390,1.5789150,1.8349430,1.5904140,-2.0275650,-2.1836960,-1.9115540,-1.1074370,-0.9259250,-0.5695470,0.2369020,0.9873370,0.8582310,0.2534060,0.1758850,-0.3339310,-0.2347120
-4.4033820,-0.3804500,-0.3784590,-0.9181120,1.6039140,1.7146470,0.9619190,0.3502940,-1.9201800,-2.3465520,-0.8829770,-1.4715770,-1.5355610,0.6074770,1.4693670,0.1921010,-1.7700440,-1.8523080,-2.1650830,-1.6890210,0.6548020,1.2580950,0.6298560,-0.1798910,-0.3067000,-0.6055630,-0.7911840,-0.7299840,-0.5291350,-0.2046680
4.9607510,-0.2904650,-1.3949320,0.2340320,3.2082650,2.6443670,1.6929230,-0.0056680,-0.8589550,-0.5476570,-1.0988450,1.9327770,1.1796420,2.3840680,-0.7003930,-1.6051450,-1.9776700,-1.4118890,-2.6389930,-0.8536530,-0.3802600,-0.5954770,0.0333760,2.3386400,3.0596170,1.9942860,2.1118260,0.6358180,-0.1653940,-0.2967020
3.7937410,-0.1626320,-3.8240380,-0.6563000,2.8349810,3.1552330,0.6040350,0.3952710,0.5910240,0.1117340,-0.4528060,0.0739900,0.2524960,0.3569710,-0.2651400,-0.9267010,-1.9048840,-1.5535120,-1.7726530,-1.1989320,-1.0092070,0.5744560,1.7332440,2.1696210,1.7011780,1.0125910,0.4672730,-0.7627270,-1.0951390,-1.1303160
0.8568320,1.3295640,-0.6298740,-1.2411210,2.7722400,2.4557330,0.2687970,-5.3304490,-5.6814770,-4.8976140,-2.3719020,-0.6237270,0.3812100,0.3952200,-0.5974280,-1.1128210,0.5568670,1.0804200,0.7763530,-0.1051590,-0.7836340,-1.1684950,-1.9635460,-1.8575250,0.9903450,1.5984780,1.7890270,1.0931520,0.9948460,1.2292520
-0.5993520,1.9130450,-1.2577050,-0.1411780,2.0004220,1.7337670,1.3133850,0.6577310,0.9797320,0.5566590,0.7005340,0.6573920,0.5307040,1.1527180,2.4005490,3.4854220,4.8190620,-1.5040470,-1.5493590,-1.3460560,-0.7378630,-0.6360990,-1.4800650,-2.1193870,-1.1823300,-0.4491480,0.3071590,-0.0204990,0.0798560,0.0373520
0.0075920,-2.1112180,2.2676190,3.0265900,0.4186030,0.1274160,0.4401510,3.8842510,-1.1077000,-0.3893780,-0.7313370,-0.7063740,3.8792570,1.9834330,4.8708200,-0.8446160,-0.1368620,-0.5743880,-1.3826030,-0.8023630,-1.1586110,-2.3030130,-0.8548310,-0.0565560,0.3272240,-1.3224340,-0.8801290,0.3294590,1.3203390,3.8061860
-1.3806460,-4.6053150,1.0931230,-5.9751150,1.0300730,-1.2602630,1.8618400,1.3377290,-1.7037660,1.6389710,-0.1607750,0.0020670,-2.2338190,-1.5989170,0.2192440,-2.0839370,1.8204820,-3.1954550,1.5106440,-0.0028600,-0.6508920,2.1815500,-2.6138560,-2.3128960,-1.0665080,-2.4483440,-2.6225370,-0.5430480,-0.2952230,-0.9713470
-1.4144500,0.9189750,3.7736000,1.6081670,1.3126140,0.4588100,-2.6601660,-2.4055620,-2.2842720,-1.4363230,0.0098140,0.6646260,0.7434570,1.4187850,0.5942340,-0.2225630,-0.7633650,-0.7858230,-1.0407900,-1.1008370,0.3688130,0.3157840,0.5553430,0.2371170,-0.3017260,-0.3159250,-0.2274680,0.0934720,3.8234290,3.0396250
-1.9207160,-2.2711720,0.3988400,3.2770800,-0.2098540,-0.0116680,0.3411270,0.9154510,1.0501260,1.2065290,0.5671300,-0.6030810,0.9357890,0.1220740,-0.2903570,-0.9902460,0.5151750,1.7359070,0.8501830,-1.5412740,0.3690140,0.0223480,-1.0540000,-2.1881500,-2.4814850,-0.3038050,0.9497900,0.8188310,0.7038870,0.7053090
0.9202180,1.8715560,-1.2810810,-1.1965400,-0.0363340,1.0523680,0.5589950,0.4821290,-0.5692370,-1.9833820,-4.6416350,-4.2852540,-4.4954620,-2.7955390,-0.4195030,-0.4949720,-0.0032960,-0.0376860,1.1969060,1.5900360,1.2489130,0.9744390,0.8151230,1.0184920,0.9297060,1.2588090,-0.2474860,-0.3960440,-0.3007260,-0.0919820
2.1385320,-3.1398830,1.4311390,1.8341670,0.3426640,0.8757620,0.4018980,-0.7163960,-0.7913240,-0.6019340,-1.1646130,-1.7081700,-1.7745780,-1.0971570,2.2661010,0.8322940,-0.3882200,-0.5129890,0.5395970,1.7594060,1.6315510,1.1525520,3.9257440,3.0104070,1.7515160,-1.2829720,-1.3258080,-2.1615940,-1.0733070,-1.1586490
-1.8020400,-1.1387580,-0.3596380,0.5574070,-1.6582920,-1.6174740,-1.1534970,-1.8008690,0.6779160,-4.8998620,2.6955930,1.1797060,-0.0984660,-0.6746640,0.0561250,-0.8932910,1.6729900,-1.7998980,3.2416110,-2.4422300,0.0497760,1.7421710,0.4542960,-2.5722780,-0.9792320,-0.1259330,0.6587700,-0.7110090,-1.2455860,0.8045660
3.9260880,0.7075060,0.0926770,2.5496690,-0.8224690,0.9004010,3.1367430,2.7004140,-0.2798950,0.7486470,-0.0257270,-0.2545490,-1.1672430,2.9835400,2.3635910,0.9169230,-0.4075240,-0.0089680,-0.4206010,2.3828090,1.8132580,2.1530000,-1.6546490,-1.3497670,-0.7006480,-2.8727810,0.8657070,2.2898060,2.3940790,1.4746480
1.2292820,1.0676590,4.2532390,0.4077200,-0.9113190,-1.4445850,-0.4867950,-0.0849050,-1.3648980,-1.0455790,1.1268940,3.6216420,3.8885780,1.0290980,-0.1561940,0.0695550,-0.4569540,-1.1940730,-0.7108940,-0.2860630,-1.4158450,-1.0986300,-0.1158910,1.3332440,1.1470470,2.0931510,0.9151410,0.2039740,1.2063220,1.3558240
-2.5738980,0.0807280,-0.8335040,-2.1774790,-1.2063960,-0.8416510,-0.3071590,0.7013140,1.2108890,0.7940330,1.4518730,2.1206880,1.3120700,0.5149360,2.5143460,1.3945890,0.7756650,-1.4009260,-0.3857150,0.6213380,-2.1686620,-0.6787140,-1.2279770,-0.4670640,-0.9866780,-0.0134410,-0.3491370,-0.8126340,-2.9895880,-1.4357250
0.1765990,-1.1030830,-0.9116690,0.6285050,-1.1369870,-1.1562910,-0.5606580,1.4034110,1.7903340,1.3504070,0.3074430,1.2371180,2.4088500,4.9185860,4.2320990,1.2880570,0.1984110,-0.5108130,-0.4429230,-0.0729610,-0.4476760,-0.6524790,-1.6619430,-1.6735580,-1.3259920,-0.4418200,-1.0970500,-1.2250000,0.1489440,0.0930830
2.4425560,-4.7042790,-1.5027290,-2.0497660,-0.9421360,-1.5221420,-2.1865360,-1.9657260,-1.5057790,-1.5515760,-2.9306030,-1.8541980,-1.1152880,-1.0984950,0.3806750,0.7199480,1.6868010,2.5438820,2.3830300,0.7602310,-2.7623520,-3.6545080,-4.1247930,-2.8390490,-1.0185870,-1.7682440,-2.1949370,1.5184240,2.5749670,2.6336520
-0.3248560,-1.3965920,-0.5364370,-0.9329730,-2.6942770,-3.0791580,-1.5085400,-3.7849570,-3.7110950,-2.7771940,-1.2784690,-1.0216580,-1.3008190,0.9935020,1.2380350,0.6473390,-3.0540930,0.0587210,0.8077030,0.4380970,1.4086150,1.3138420,-0.1252770,-2.4009050,-1.5908950,1.9470690,2.6027410,1.6898530,-2.4780790,-1.8175200
2.0101320,-0.4033220,0.5620300,0.9843890,-0.0213300,-0.1220400,0.8291090,-1.3554560,-2.0462530,-1.6386920,2.4074360,2.6324230,1.0674930,0.7081330,0.5819160,0.8447110,-0.0216800,-0.4081390,-0.1046760,0.2489980,1.6035140,1.8329290,1.5873520,2.0404140,1.5611630,0.6608690,-0.5942910,-1.0924180,-1.9862220,-1.9272750
-1.7405630,-1.4101020,-0.7688160,-0.4864130,-2.7503260,-0.1959790,1.2501880,0.7536940,1.3728700,-0.1717240,0.1568360,1.6475970,1.7644740,0.4461310,-1.8461030,0.0112220,0.2683480,0.4756270,-0.9168270,-1.7213760,-2.0082870,-1.9681880,-0.6815970,0.4055810,0.2106320,-0.3397570,-1.3160990,0.2608140,0.0223230,0.1369380
1.4851780,0.4201520,1.2907330,-0.9088460,-1.0772910,-1.4905040,-0.1171020,0.7927420,0.5767450,1.3552160,0.6175050,-1.2460970,-1.1578300,-0.4467050,-1.1217940,-1.7602750,-0.5936260,-0.3533660,-0.1438800,-1.3463670,-1.3774630,2.4769930,2.1870140,1.5018750,2.3494070,-0.0445070,-0.4933260,-0.4565760,0.1320940,0.5303950
4.1685610,0.8913930,1.8900970,1.2183620,-0.5259780,-0.3448920,1.7305880,0.5542100,-0.3917430,-0.1142450,1.4486940,2.3766410,2.3684400,1.5003630,1.7792140,2.0249900,3.6746210,4.7118580,5.3836240,0.9235440,0.7375440,1.9171850,2.6488800,1.5371490,-1.9707010,-3.3640290,-3.5391230,-2.7586280,0.8155400,0.2009070
0.8965190,0.6503790,-1.1716810,0.4599530,-2.3456680,0.7815380,0.7963630,0.5152760,-2.5273360,-3.0365870,-0.3265230,-1.6610800,-1.5009610,-3.8189950,-1.1245280,-1.4442640,-1.5616190,-1.9187560,-1.3274500,-0.8385070,0.3570720,0.8540690,1.7173150,4.3171530,5.2192050,3.4002720,-1.3823240,-0.4519000,-1.0039510,-0.7942460
3.4981520,0.7721270,-0.0731010,1.2026260,1.5685430,1.8784610,0.2402500,-0.2274050,-0.0937090,-0.4139550,-0.9833920,-1.0691330,0.1522430,0.5263660,0.7219690,1.1731000,0.8996430,-1.1304580,-1.9059810,-1.7622840,1.0119800,1.2612200,1.4848830,1.1408260,-0.2534580,0.7749600,0.5171680,0.2557910,1.1040550,1.0008650
-3.1267470,0.8766220,2.3400600,2.7771850,1.6501240,1.7250900,1.8653260,-0.9800320,-1.9106490,-1.1096810,0.0353100,1.8638160,0.4942730,1.5185400,-1.1775290,-1.0491720,-0.9538520,-0.1136980,-1.8559440,-1.1525070,-1.1288990,-1.1400750,-1.3515400,1.6206690,0.6627890,0.4334140,2.4826390,0.8218700,1.8633920,1.0365040
2.5946990,4.8277430,3.6463270,1.9449170,-4.4493900,-3.4502120,-1.6599290,-1.4509040,-1.5256710,-1.9059700,-1.5897260,-0.5133300,-1.2424430,-0.0382140,1.3363790,1.9784800,-0.2514080,-0.8154630,0.0061350,1.8852070,2.1767150,3.7474490,5.8914210,6.1754340,1.5023000,0.8948580,0.2656680,0.1779090,-0.8516470,-0.8301920
-0.2914720,0.4619170,1.4038370,3.6351100,0.1120290,-0.2707540,2.0967320,1.7956770,-2.4643990,0.6753880,0.1872750,1.1445800,2.5905730,2.9597660,0.9196260,2.3642670,2.4919480,0.0759700,-1.6649580,0.3659750,1.4769710,0.3506670,1.6215260,1.2410310,1.5394520,-1.6895090,-2.6399370,1.9153650,0.6137120,-1.7514050
-5.2767800,0.6163450,2.0680550,1.8864470,-2.3775660,-2.9188480,-2.2686120,-1.3712210,-1.3837590,-0.4123050,-0.5657010,-0.7017960,-0.5984780,0.0944970,-0.3948690,0.4329990,2.0423430,2.9259980,2.0895490,0.5495540,0.7701910,-0.1080220,-0.6318720,-0.5340520,-0.1977170,0.1409290,0.2307580,-0.6244050,-0.9828930,-1.2906460
1.6046530,1.0419960,-1.7122310,-0.9360530,3.2216350,2.9217540,0.3429500,0.9936400,1.4616080,1.3654180,0.8362240,-0.8330960,-1.0526220,-1.4456410,-1.5488040,-1.8257810,-0.3173310,0.2961710,1.2040080,0.8972740,0.0938860,-0.3569830,-1.5983810,-2.6406970,-1.2006350,-0.2078070,0.5256970,1.1438410,1.8677760,2.0030520
1.7212200,-2.1275760,-1.1777350,-0.5882050,-2.9796680,-4.0707060,2.1302940,1.0795060,1.4216070,0.5378960,0.2176710,1.2359500,0.8431100,0.3313080,-2.9003840,-4.5389780,-2.7773460,-1.4409890,0.8865680,1.1240660,0.4190930,0.1407210,0.4223590,0.4235500,1.5780760,0.3138530,-1.2699080,-1.7169220,0.7416980,0.8695040
-2.1832840,-1.2397990,-0.5637830,-1.9545150,-3.5530890,2.9705460,1.2019560,-2.8163970,2.1278940,-2.3396880,1.5505170,0.9165150,-4.1599070,1.1563130,-0.3905910,0.0982700,0.1696080,-3.2419600,0.3271480,-0.7600320,-1.1339120,-2.2273040,-1.2041790,-0.7320600,0.2234590,-1.4886960,1.7753520,0.3809020,0.3338060,0.5041100
1.1280140,-1.0102630,0.3501530,-0.7172610,0.6520410,0.7136860,1.1601190,-0.1839800,-0.9401970,-0.3693660,-0.7630360,-0.9541560,-0.9303790,0.5469260,1.0934580,1.3950660,1.3890040,-2.4985800,-1.5894080,-1.1931770,-1.1916360,-0.7302510,1.6495330,2.6817910,2.1764770,2.0094560,1.2624180,1.0585850,-2.6043660,-2.4126790
-1.2884810,-0.2875200,1.7333430,0.1625260,-0.3980470,-0.0952800,-0.2474580,0.3918590,1.0776960,0.7733270,0.7128290,0.0809950,-0.0600140,-0.9556520,-0.3128740,0.4709270,1.0889030,2.3701580,1.3954770,0.8271990,-0.2133400,-1.3599200,-2.0823480,-3.2110850,-1.9422790,-0.6112300,0.6495780,1.0865280,1.1573430,0.9910680
-1.8203330,1.2789060,0.9914250,0.2543470,-1.5434980,-1.1682570,-0.9339300,-0.7529230,-0.8324030,-0.1051480,0.7078940,0.2255830,-0.5213170,-1.3599390,-2.1443860,-3.9952000,1.6364920,0.4334360,1.2653510,0.6038700,-0.4343690,0.1633640,0.5013030,1.1631500,2.0226940,2.4397960,1.1526380,-0.1818040,-2.2990370,-1.6036500
0.2644390,-1.2596130,-4.2637740,-3.1666470,-1.6559530,-1.7084650,-3.0510110,-2.0375800,0.6242900,-1.8181260,-2.1863500,-2.0983000,2.0622610,-2.6560190,-3.1161900,-2.2876070,2.3899830,-1.8086900,-3.0178170,-1.9581450,-1.6858540,-1.0607460,-0.9588570,2.3076500,0.5664190,-1.0756850,0.6177820,-0.8546090,0.3547890,0.2703200
-5.3920350,2.2481680,-0.7363340,-4.4547610,-1.8160930,-2.1116510,-2.2007400,-1.4751950,1.5751250,-1.6759880,-2.3103020,-1.5635310,-2.6733350,-2.5104870,-1.4275760,-0.4147260,2.0869230,3.4796240,3.6506950,-0.0229570,-3.7912780,-2.8332170,1.9317610,-0.4942200,-2.8568730,-0.0037080,-2.0036200,-0.1356420,-0.8521540,0.1607300
1.9818760,1.2972190,0.1023010,1.6286760,1.0653120,0.6087980,-1.4978530,-0.0673440,0.2029200,1.1823130,0.2093100,0.7044500,1.9878440,5.0033460,1.9203170,0.8143940,-1.0801390,-1.2365970,-0.3332710,0.6152960,1.3214210,1.9861560,3.3951690,2.9536340,-2.1752200,-2.7521340,-1.9776690,-0.4872750,0.9207330,0.1428640
0.4135540,-0.2886630,-2.4255110,-2.2439710,0.7879590,1.1134240,1.6793280,-0.8198980,-1.8733580,-1.9858830,1.3597740,1.2206620,-0.3094470,-0.4052240,-1.4293630,-1.1899080,-0.3407390,-0.0374050,0.1460770,-0.1667760,-0.7354190,-0.9724400,-0.9864340,0.9656230,1.1279350,-1.2276240,-0.8063660,0.8867930,-0.4674220,-0.5698170
0.1985860,0.6863240,-0.3967960,0.1174210,-1.5748190,-1.9630050,-0.6307990,-1.1804460,-1.0242460,-1.3614240,0.0901080,1.4281500,2.0389520,1.0957270,-1.2363380,-1.5764870,-2.3930910,-2.4675420,-1.7421770,0.0423490,1.7387860,0.3137440,-1.8099610,0.3616070,1.4304640,0.5064420,-1.0459830,-0.7877090,2.7917780,3.0990020
1.6168740,0.4320550,1.7963030,2.4714150,2.4651760,2.1607230,2.1848900,0.2128770,0.0079600,0.0067080,1.1733210,-0.4521110,-1.7706940,-2.8072100,-3.6127660,-2.3793910,-0.6954970,3.0390430,2.2484230,1.6298700,1.5752310,1.5060180,1.6157920,2.2065370,1.3178140,1.2348870,0.6033870,-0.6388680,-0.3324740,-0.7090950
-1.7235620,0.7833180,2.0643500,3.5434170,0.2319600,0.9299860,0.5936730,1.0837310,0.9978350,1.7565900,0.6509370,1.0040490,0.9075070,0.1945040,1.7486870,1.0591760,2.2348440,-1.0160190,-3.8974250,-3.3504470,0.8938350,-0.4562930,-1.4371730,-2.2548430,0.6297870,2.0776640,1.3949090,1.5774140,3.4634830,-0.5153580
3.0420930,1.3186570,-1.3237860,0.8365920,0.3247450,0.4878510,0.4148520,-1.0075860,-1.7030690,-1.3586480,-1.9944100,-2.5933050,-2.5411980,-1.0175460,-2.4906770,-2.2477220,-2.4348890,6.4101390,1.4354330,0.1942570,0.7914590,0.7699480,1.1210050,0.7026140,0.6729640,0.1639670,-0.1693180,-0.2840400,2.4389650,1.3765810
3.9075590,0.7863760,-1.4747900,0.2060200,2.5795650,2.6531410,1.0348770,-1.1465440,-1.9943420,-0.3161680,3.3308640,0.9792050,-0.1394450,-0.2311940,0.2240920,-1.4620880,-2.1169540,-1.0112130,0.1409830,0.0926540,2.2704690,0.2488920,-0.6444240,-1.0365160,0.3483930,1.5869350,0.4650400,-0.2952480,1.0720190,1.1578530
1.1139780,-1.4147270,-1.3828150,-2.5257260,-0.0993790,-0.3148370,-0.8554690,-0.0288320,1.1576190,-1.8890080,-3.1675540,-0.7485310,-1.2249330,-0.7937100,0.2120980,-0.2658670,-4.8089950,0.6359650,1.1971800,1.3615320,-1.8829560,-4.7784330,0.3065330,0.7823200,-1.0664230,1.2439430,1.0301700,0.6497070,0.7874000,1.1116210
1.5324000,0.4864310,-3.0771770,0.0644690,-1.1031980,-1.6076960,-1.2207760,0.0436700,0.0498440,0.4958530,1.2956570,1.5934040,2.2596870,0.6781210,0.7488070,0.2694230,0.7091480,-2.0729420,-1.9191650,-1.9857120,-1.1216310,0.4396030,0.8603970,1.0937360,1.2168370,-0.2919840,-0.6477700,-0.2026550,-0.5978080,-0.6565960
0.5950540,0.2166830,-0.6406720,0.2311390,-2.2391390,-2.4643830,2.1108860,2.4753860,1.6382630,2.1309890,2.2900240,1.1820540,1.6525900,1.2676560,0.5820740,0.4516970,1.1323780,1.1712950,1.3234280,0.4399930,0.1832350,-1.1166440,-2.0792750,-2.3221330,-1.7825950,-1.4139380,-0.9617170,0.0113580,0.9191690,1.0990880
